Shirt ID,Shirt Color Primary,Shirt Color Secondary,Shirt Type,Shirt Brand,Shirt Design,Shirt Color Short
1,Lime Green,Crimson,T-Shirt,,Harvantis,Green
2,Lime Green,,Polo,Grand Slam,,Green
3,Kelly Green,Yellow,Long Sleeve,Reebok,Power Rangers,Green
4,Forest Green,,Long Sleeve,Polo,,Green
5,Cadmium Green,Yellow,T-Shirt,,Sunrise,Green
6,Cornflour Blue,,Long Sleeve,,,Blue
7,Dark Green,Pastel Green,T-Shirt,H&M,,Green
8,Lime Green,Blue,T-Shirt,Nike,Tribal,Green
9,Seafoam Green,,Long Sleeve,Columbia,,Green
10,Pastel Green,Jungle Green,Button-Up Shirt,Columbia,Tropical Plants,Green
11,Kelly Green,White,T-Shirt,Dollar Store,Do Your Thing,Green
12,Dark Green,Green,T-Shirt,Macy's,Hulk,Green
13,Blue,White,T-Shirt,Zoom,Zoom,Blue
14,Lime Green,White,T-Shirt,Nintendo,Luigi,Green
15,Lime Green,Dark Green,Athletic Shirt,MUD,Summer Ultmate,Green
16,Lime Green,Dark Green,T-Shirt,New Mexico,Mainframe,Green
17,Lime Green,Black,T-Shirt,Valdolsta State,Valdolsta State,Green
18,Olive Green,,Henley,American Eagle,,Green
19,Forest Green,White,Button-Up Shirt,Forever 21,,Green
20,Dark Blue,White,T-Shirt,Columbia,DSI,Blue
21,Kelly Green,Blue,T-Shirt,Hoboken,Hoboken,Green
22,Forest Green,Yellow,Long Sleeve,Monstercat,,Green
23,Electric Lime,,T-Shirt,Harvard,Harvard Law School Conference,Green
24,Lime Green,Red,T-Shirt,Nintendo,Bowser Jr.,Green
25,Lime Green,Gray,Athletic Shirt,Harvard,Harvard Ultimate,Green
26,Blue,Grass Green,Athletic Shirt,MUD,MUD,Blue
27,Lime Green,White,T-Shirt,Hawaiian Rumble,Hawaiian Rumble,Green
28,Hunter Green,White,T-Shirt,Fossil Butte,Fossil Butte,Green
29,Olive Green,Crimson,T-Shirt,Harvard,Harvard,Green
30,Pistachio,,Polo,Hoboken Golf,Hoboken Golf,Green
31,Kelly Green,White,T-Shirt,Olympics,Olympics,Green
32,Blue,Light Blue,Button-Up Shirt,Kohl's,Squirtle,Blue
33,Jungle Green,Light Blue,Polo,Kohl's,Bananas,Green
34,Cadmium Green,,Polo,Greg Norman,,Green
35,Lime Green,,Polo,,Golf Clubs,Green
36,Forest Green,Light Green,T-Shirt,Old Navy,Indoors Club,Green
37,Blue,Turquoise,T-Shirt,Adidas,,Blue
38,Lime Green,,Athletic Shirt,MUD,MUD,Green
39,Dark Green,Light Blue,T-Shirt,Beaver Creek,Beaver Creek,Green
40,Dark Green,,Long Sleeve,St. John's Bay,,Green
41,Dark Green,Black,Button-Up Shirt,Forever 21,Wicked,Green
42,Blue,Lime Green,T-Shirt,,T-Rex,Blue
43,Electric Lime,,Athletic Shirt,,,Green
44,Moss Green,,Henley,American Eagle,,Green
45,Olive Green,Red,T-Shirt,Canada,Canada,Green
46,Jungle Green,Black,T-Shirt,Germany,,Green
47,Blue,Orange,T-Shirt,Dave and Buster's,Dave and Buster's,Blue
48,Electric Lime,,Athletic Shirt,Harvard,Harvard,Green
49,Dark Green,,Athletic Shirt,Underarmour,,Green
50,Blue,Red,T-Shirt,Olympics,France,Blue
51,Jungle Green,White,Button-Up Shirt,American Eagle,Tropical Plants,Green
52,Lime Green,Black,Polo,Urban Outfitters,,Green
53,Lime Green,,Polo,Underarmour,,Green
54,Kelly Green,Yellow,Button-Up Shirt,H&M,Boba Fett,Green
55,Gray Green,,Long Sleeve,American Eagle,,Green
56,Kelly Green,Yelllow,T-Shirt,Target,Harry Potter,Green
57,Nyanza,,T-Shirt,H&M,,Green
58,Olive Green,,Hoodie T-Shirt,,Snakes,Green
59,Cyan,,Henley,Forever 21,,Blue
60,Kelly Green,Light Blue,T-Shirt,Hoboken,Hoboken,Green
61,Olive Green,Red,T-Shirt,Atlanta Hawks,Trae Young,Green
62,Lime Green,,Polo,Nautica,,Green
63,Jungle Green,White,Button-Up Shirt,H&M,Tropical Plants,Green
64,Cornflour Blue,Magenta,T-Shirt,H&M,Arcade,Blue
65,Forest Green,White,T-Shirt,American Eagle,Eagle,Green
66,Forest Green,,Long Sleeve,Harvard,Harvard Ultimate,Green
67,Mint Green,,Athletic Shirt,,,Green
68,Forest Green,,Dress Shirt,Forever 21,Satin,Green
69,Black,Green,Athletic Shirt,Atlanta Hawks,Basketball Peach,Black
70,Forest Green,,Robe,,,Green
71,Olive Green,,T-Shirt,Express,,Green
72,Hunter Green,Olive Green,Dress Shirt,American Eagle,,Green
73,Dark Green,Dark Blue,Button-Up Shirt,,Flannel,Green
74,Mint Green,,Mesh Polo,Kohl's,,Green
75,Blue Green,,T-Shirt,,,Green
76,Pastel Green,,Long Sleeve,American Eagle,,Green
77,Kelly Green,Yellow,T-Shirt,,SuperSonics,Green
78,Cerulean,,Polo,High Tide,Turtle,Blue
79,Lime Green,,Athletic Shirt,Nike,,Green
80,Electric Lime,,T-Shirt,Amazon,Amazon,Green
81,Pastel Green,,T-Shirt,H&M,,Green
82,Electric Lime,Black,T-Shirt,,Batman,Green
83,Moss Green,,T-Shirt,,,Green
84,Cerulean,Lime Green,T-Shirt,,T-Rexy,Blue
85,Dark Green,Electric Lime,T-Shirt,American Eagle,American Eagle,Green
86,Seafoam Green,Pink,Button-Up Shirt,Urban Outfitters,Flamingo,Green
87,Light Blue,Pink,Athletic Shirt,VCU,Axolotls,Blue
88,Blue,White,Pinnie,Alcolotls,Alcolotls,Blue
89,Lime Green,,T-Shirt,,,Green
90,Eucalyptus,White,T-Shirt,Harvard,Harvard,Green
91,Red,Forest Green,T-Shirt,,Godzilla,Red
92,Forest Green,Yellow,T-Shirt,London Natural History Museum,Dinosaur,Green
93,White,Red,Athletic Shirt,VCU,Axolotls,White
94,Forest Green,White,Button-Up Shirt,,Knitted,Green
95,White,Mint Green,Button-Up Shirt,H&M,Tropical,White
96,Light Blue,Pink,Polo,Chubbies,Palm Trees,Blue
97,Emerald Green,White,T-Shirt,Kohl's,Legends Golf,Green
98,Dark Green,Neon Green,Button-Up Shirt,,,Green
99,Lime Green,White,T-Shirt,Vidyard,Vidyard,Green
100,Pistachio,,Polo,Polo,,Green
101,Forest Green,,T-Shirt,Kohl's,Pocket Square,Green
102,Fern Green,,Light Blue,George,Island,Green
103,Kelly Green,Yellow,T-Shirt,Target,Grinch,Green
104,Forest Green,,Long Sleeve,American Eagle,,Green
105,Green,,T-Shirt,Target,Hulk,Green
106,Olive Green,Red,T-Shirt,Amazon,King Ghidorah,Green
107,Electric Lime,,Polo,Izod,,Green
108,Forest Green,Black,Long Sleeve,Monstercat,,Green
109,Olive Green,,Polo,Polo,,Green
110,Cornflour Blue,Red,T-Shirt,Target,Dr. Seuess,Blue
111,Olive Green,Black,Button-Up Shirt,GameStop,Attack on Titan,Green
112,Eucalyptus,Black,T-Shirt,Louvre,Mona Lisa,Green
113,Cornflour Blue,White,T-Shirt,,Cat in the Hat,Blue
114,Kelly Green,Red,T-Shirt,,Elf,Green
115,Kelly Green,Red,T-Shirt,Target,Grinch,Green
116,Lime Green,Red,T-Shirt,Kaitenzushi,Sushi,Green
117,Forest Green,Red,Athletic Shirt,Mexico,Soccer Jersey,Green
118,Dark Blue,Brown,T-Shirt,Target,Regular Show,Blue
119,White,,Dress Shirt,,,White
120,Pistachio,Dark Green,T-Shirt,Target,Lucky Charms,Green
121,Light Blue,White,Long Sleeve,GOAT USA,Goat,Blue
122,Dark Green,,T-Shirt,H&M,Pocket Square,Green
123,Moss Green,Pistachio,Polo,Old Navy,Checkered,Green
124,Lime Green,,T-Shirt,Hanes,,Green
125,Tan,Kelly Green,T-Shirt,Dick's,St. Patrick's Day,Brown
126,Kelly Green,White,T-Shirt,Jets,New York Sack Exchange,Green
127,White,Red,Long Sleeve,Harvard,Harvard,White
128,Kelly Green,Yellow,T-Shirt,Nike,,Green
129,Lime Green,Black,Tank Top,Nike,Swoosh,Green
130,White,Dark Green,Polo,Kohl's,Golf Clubs,White
131,Light Green,,Polo,Kohl's,Desert,Green
132,Jungle Green,White,Polo,Kohl's,Tropical Flowers,Green
133,Dark Blue,Jungle Green,Polo,,Tropical Flowers,Blue
134,Dark Green,Black,Button-Up Shirt,American Eagle,Palm Trees,Green
135,Kelly Green,Red,T-Shirt,JCPenny's,Yoshi,Green
136,Dark Green,Red,Athletic Shirt,Adidas,Soccer Jersey,Green
137,Royal Blue,Gold,Athletic Shirt,France,Soccer Jersey,Blue
138,Lime Green,White,T-Shirt,Polo,Tropical Flowers,Green
139,Mint Green,,T-Shirt,H&M,,Green
140,Forest Green,White,T-Shirt,Uniqlo,Mario Kart World,Green
141,Dark Green,,Polo,H&M,Knitted,Green
