Date,Course,Tee Time,Weather,Duration (minutes),Group Size,Players,Scramble Team,Contributions,Solo Birdies?,Cart?,Cart Partner,Tee Box,Distance,Holes Played,Own Score?,Game,Par,Score,Front 9,Back 9,Bunker Shots,Water Hazard,Ball Lost,Gallery Rules,Putts,FIR%,GIR%,Eagle Looks,Eagles,Birdie Looks,Birdies,Pars,Bogeys,Double Bogeys,Triple Bogeys+,0 Putts,1 Putts,2 Putts,3+ Putts,Golf Jacket Color,Golf Shirt Color,Golf Pants Color,Golf Socks Color,Golf Shoe Color,Golf Hat Color
2025-06-08,Skyway Golf Course,13:00,Rain,20,4,"Random, Random, Random",,,,No,,Gold,3020,2,Yes,Regular,7,9,,,0,0,1,0,3,0,0,0,0,0,0,0,2,0,0,0,1,1,0,Lime Green,Lime Green,Dark Green,Electric Lime,White/Green,Cadmium Green
2025-05-26,Heartland,08:00,Sunny,90,6,"Kevin, Tharan, Deezy, Nik, Jed","Myles, Kevin, Tharan, Deezy, Nik, Jed",,,No,,Back,2440,9,No,Scramble,27,24,,,0,0,0,0,13,,,0,0,9,4,5,0,0,0,1,3,5,0,,Lime Green,Green,White,Electric Lime,Jungle Green
2025-07-07,RiverPines Par 3 Course,11:00,Sunny,60,2,Dad,,,,No,,Blue,1902,9,Yes,Regular,27,27,,,0,0,0,0,15,78,39,0,0,7,2,6,0,1,0,0,4,5,0,,Lime Green,Gray,Neon Green,Matcha Green,Kelly Green
2025-12-23,RiverPines Par 3 Course,13:30,Sunny,60,1,,,,,No,,Blue,1902,9,Yes,Regular,27,29,,,0,0,0,0,17,,78,0,0,7,1,5,3,0,0,0,2,6,1,Pastel Green,Cornflour Blue,Verdigris,Olive Green,White/Green,Dark Green
2025-11-26,RiverPines Par 3 Course,11:00,Sunny,96,5,"Dad, David, Landon, Tyler",,,,No,,Blue,1902,9,Yes,Regular,27,30,,,0,0,0,0,14,,56,0,0,5,0,7,1,1,0,1,2,6,0,,Jungle Green,Verdigris,Lime Green,White/Green,Lime Green
2025-12-27,RiverPines Par 3 Course,10:00,Sunny,54,2,Dad,,,,No,,Blue,1902,9,Yes,Regular,27,32,,,0,0,0,0,0,,44,0,0,4,1,4,2,2,0,0,2,6,1,,Lime Green,Khaki,,,
2025-03-15,Skyway Golf Course,16:40,Cloudy,138,3,"Jiwei, Jed","Jiwei, Jed",,,No,,Blue,2966,9,No,Scramble,36,34,,,0,0,2,0,16,,,0,0,3,3,6,1,0,0,0,3,6,0,Forest Green,Forest Green,Black,Olive Green,White/Green,Dark Blue
2025-08-02,Skyway Golf Course,15:20,Sunny,126,4,"Kevin, Chris, Eddie",Kevin,,1,No,,Black,3247,9,No,Scramble,36,34,,,0,0,1,0,12,,,0,0,6,4,3,2,0,0,0,5,4,0,,White,Light Green,Olive Green,White/Green,Cadmium Green
2025-07-21,Skyway Golf Course,11:30,Sunny,129,3,"Kevin, Random",Kevin,,0,No,,Black,3247,9,No,Scramble,36,36,,,0,0,0,0,12,,,0,0,4,2,5,2,0,0,1,4,3,1,,Olive Green,Navy,Green,White/Green,Kelly Green
2025-10-19,Legends Golf Course | Moorland,08:48,Sunny,90,4,"Jiwei, Kevin, Random",,,,Yes,Kevin,Blue,6737,9,No,Scramble,36,36,,,0,0,0,0,15,,,1,0,4,2,5,2,0,0,0,4,4,1,,Lime Green,Forest Green,Lime Green,White/Green,Lime Green
2025-03-16,Skyway Golf Course,13:00,Windy,125,2,Jed,Jed,,,No,,Blue,2966,9,No,Scramble,36,37,,,0,0,1,0,16,,,0,0,2,0,8,1,0,0,0,2,0,0,Lime Green,Lime Green,Emerald Green,Lime Green,White/Green,Lime Green
2025-06-16,Skyway Golf Course,15:00,Sunny,129,4,"Jiwei, Kevin, Random","Myles, Jiwei, Kevin","9.33, 16.33, 11.33",0,No,,Black,3247,9,No,Scramble,36,37,,,0,0,1,1,14,,,0,0,4,1,7,2,0,0,1,3,5,0,,Kelly Green,White,Lime Green,White/Green,
2025-08-09,Skyway Golf Course,16:50,Sunny,150,4,"Kevin, Jiwei, Jed",Kevin,,0,No,,Black,3247,9,No,Scramble,36,38,,,0,0,1,0,16,,,0,0,1,1,5,3,0,0,1,0,8,0,,Electric Lime,Light Green,Crimson,White/Green,Cadmium Green
2025-03-19,Skyway Golf Course,08:00,Sunny,110,2,Kevin,Kevin,,,No,,Blue,2966,9,No,Scramble,36,40,,,0,0,1,0,18,,,0,0,3,0,5,4,0,0,0,1,8,0,Cadmium Green,Electric Lime,Forest Green,Black,White/Green,Eucalyptus
2025-08-09,Skyway Golf Course,14:40,Sunny,150,4,"Jordan, Random, Random",Jordan,,0,No,,Blue,4936,9,No,Scramble,36,41,,,0,0,2,0,14,,,0,0,1,0,5,3,1,0,0,4,5,0,,Electric Lime,Light Green,Crimson,White/Green,Cadmium Green
2025-09-05,Skyway Golf Course,09:10,Sunny,130,4,"Kevin, Random, Random",,,,No,,Black,3247,9,Yes,Regular,36,41,,,0,0,1,1,13,22,0,0,0,0,0,5,3,1,0,0,5,4,0,,Lime Green,Blue,Black,White/Green,Cadmium Green
2025-07-25,Skyway Golf Course,09:00,Sunny,135,3,"Jiwei, Random",Jiwei,,0,No,,Black,3247,9,No,Scramble,36,42,,,1,0,0,0,18,,,0,0,3,0,5,2,2,0,0,1,7,1,,Lime Green,Light Sea Green,,White/Green,Lime Green
2025-04-05,Neshanic Valley Golf Course | Academic Course,08:30,Rain,104,4,"Kevin, Jiwei, Jed",,,,No,,Blue,4038,9,Yes,Stableford,32,43,,,4,0,1,1,17,33,20,0,0,3,0,2,4,2,1,0,3,4,2,Hunter Green,Lime Green,Brown,Black,White/Green,Eucalyptus
2025-04-24,Skyway Golf Course,09:40,Sunny,128,2,Kevin,,,,No,,Black,3247,9,Yes,Regular,36,43,,,0,0,1,1,16,67,33,0,0,3,0,4,3,2,0,0,1,8,0,,Lime Green,Olive Green,Black,White/Green,Forest Green
2025-08-17,Skyway Golf Course,13:30,Sunny,76,4,"Kevin, Jiwei, Deezy",,,,No,,Black,3247,9,Yes,Regular,36,43,,,0,0,0,0,17,33,33,0,0,3,0,3,5,1,0,0,2,6,1,,Lime Green,Forest Green,Seafoam Green,White/Green,Dark Blue
2025-09-27,Skyway Golf Course,14:50,Cloudy,154,4,"Leo, Random, Random",,,,Yes,Leo,White,5678,9,Yes,Regular,36,43,,,2,0,0,0,15,50,33,0,0,3,0,3,5,1,0,0,4,4,1,,Pistachio,Forest Green,Lime Green,Electric Lime,Dark Blue
2025-03-10,Skyway Golf Course,08:00,Cloudy,109,2,Kevin,,,,No,,Gold,3020,9,Yes,Regular,36,44,,,0,0,1,0,17,100,33,0,0,3,0,3,4,2,0,0,2,6,1,Forest Green,Lime Green,Navy Blue,White,White/Green,Eucalyptus
2025-06-09,Skyway Golf Course,10:00,Sunny,129,3,"Jiwei, Kevin",,,,No,,Gold,3020,9,Yes,Regular,36,46,,,0,0,0,0,20,50,33,0,0,0,0,2,5,1,1,0,0,7,2,,Cadium Green,Forest Green,Black,White/Green,Dark Blue
2025-05-01,Skyway Golf Course,10:10,Sunny,158,2,Kevin,,,,No,,Black,6494,9,Yes,Regular,36,47,,,0,0,1,1,15,33,11,0,0,0,1,1,2,5,0,1,1,7,0,,Lime Green,Forest Green,Electric Lime,White/Green,
2025-03-16,Skyway Golf Course,16:00,Windy,138,4,"Tharan, Nik, Jed",,,,No,,Gold,3020,9,Yes,Regular,36,48,,,0,0,1,0,17,100,22,0,0,2,0,1,5,2,1,0,2,6,1,Lime Green,Lime Green,Emerald Green,Lime Green,White/Green,Lime Green
2025-03-15,Skyway Golf Course,14:20,Cloudy,109,3,"Jiwei, Jed",,,,No,,Gold,3020,9,Yes,Regular,36,49,,,0,0,1,0,19,67,11,0,0,1,0,1,3,5,0,0,0,8,1,Forest Green,Forest Green,Black,Olive Green,White/Green,Dark Blue
2025-05-23,Skyway Golf Course,12:50,Windy,132,4,"Kevin, Random, Random",,,,No,,Black,3247,9,Yes,Regular,36,49,,,0,0,0,0,15,33,0,0,0,0,0,1,3,5,0,1,2,5,1,,Electric Lime,Olive Green,Red,White/Green,Black
2025-07-31,Skyway Golf Course,08:30,Partly Cloudy,124,4,"Kevin, Raj, Praneel",,,,No,,Black,3247,9,Yes,Regular,36,49,,,1,0,0,0,16,50,0,0,0,0,0,1,5,1,2,0,2,7,0,,Lime Green,Black,,White/Green,Lime Green
2025-04-03,Skyway Golf Course,07:00,Cloudy,98,3,"Kevin, Random",,,,No,,Gold,6040,9,Yes,Regular,36,50,,,0,0,0,0,17,83,11,0,0,1,0,2,2,3,2,0,2,7,1,Forest Green,Forest Green,Emerald Green,Forest Green,White/Green,Eucalyptus
2025-04-27,Skyway Golf Course,14:20,Windy,158,3,"Jed, Tharan",,,,No,,Black,3247,9,Yes,Regular,36,52,,,,,,,,,,0,0,0,0,0,,,,,,,,Forest Green,Lime Green,Khaki,Neon Green,White/Green,Cadmium Green
2025-08-17,Weequahic Golf Course,08:12,Sunny,238,4,"Kevin, Deezy, Tharan","Kevin, Tharan",,0,No,,Blue,5729,18,No,Scramble,70,59,,,1,0,2,0,25,,,0,0,17,11,7,0,0,0,0,11,7,0,,Lime Green,Forest Green,Seafoam Green,White/Green,Dark Blue
2025-09-20,Flushing Pitch and Putt,20:00,Cloudy,98,3,"Jiwei, Leo",,,,No,,,,,,,54,62,,,1,0,1,1,35,,50,0,0,9,0,11,6,1,0,0,5,9,4,,Lime Green,Black,Black,White/Green,Lime Green
2025-03-20,Sycamore Creek Golf Course,11:00,Cloudy,116,2,Jiwei,,,,Yes,Jiwei,Blue,6269,13,Yes,Regular,50,65,46,19,1,0,2,2,24,23,17,0,0,4,0,4,4,4,1,1,2,8,2,Hunter Green,Olive Green,Forest Green,Olive Green,White/Green,Eucalyptus
2025-10-18,Pine Lakes,13:00,Cloudy,220,3,"Tharan, Adhika",,,,Yes,,Black,6675,18,No,Scramble,70,66,29,27,0,0,0,0,30,,,1,0,15,6,10,2,0,0,0,6,12,0,,Lime Green,Brown,White,White/Green,Lime Green
2025-02-09,Mid South Club,07:30,Sunny,220,3,"Kevin, Nik","Kevin, Nik",,,Yes,Kevin,White,6170,18,No,Scramble,71,69,33,36,0,0,0,0,32,,,0,0,13,3,14,1,0,0,0,4,14,0,,Lime Green,Emerald Green,Electric Lime,White/Green,Forest Green
2025-05-25,Mill Pond,08:16,Sunny,236,4,"Kevin, Tharan, Nik",,,,Yes,Nik,Blue,6304,16,Yes,Stableford,70,79,43,36,0,1,1,0,31,62,22,0,0,4,0,4,7,4,1,0,2,13,1,Lime Green,Cadium Green,Green,Lime Green,White/Green,Forest Green
2025-12-22,RiverPines Golf Course,13:50,Sunny,207,4,"Random, Random, Random",,,,Yes,Random,River,6037,17,Yes,Regular,70,82,,,2,0,2,0,28,71,22,0,0,4,1,4,8,3,1,0,6,11,0,Pastel Green,Lime Green,Forest Green,Lime Green,White/Green,Dark Green
2025-12-20,RiverPines Golf Course,13:00,Sunny,246,4,"Random, Random, Random",,,,Yes,Random,White,5785,18,Yes,Regular,70,83,40,43,1,1,2,1,32,64,39,1,0,7,1,7,7,2,1,0,6,10,2,Pastel Green,Cadium Green,Verdigris,Lime Green,White/Green,Dark Green
2025-12-23,RiverPines Golf Course,09:00,Sunny,232,4,"Random, Random, Random",,,,Yes,,White,5785,18,Yes,Regular,70,83,41,42,0,1,2,0,31,29,22,0,0,4,0,7,10,0,1,0,6,11,1,Pastel Green,Cornflour Blue,Verdigris,Olive Green,White/Green,Dark Green
2025-08-03,Weequahic Golf Course,12:20,Sunny,293,4,"Kevin, Jed, Paul",,,,No,,Blue,5729,18,Yes,Regular,70,84,41,43,1,0,3,1,34,69,34,1,0,7,1,8,5,3,1,0,5,10,3,,Jungle Green,Forest Green,White,White/Green,Forest Green
2025-02-08,Hyland Golf Course,13:20,Sunny,220,3,"Jason, Jordan",Self,,,Yes,Jordan,White,6273,18,No,Self-Scramble,72,85,43,42,0,0,6,0,36,,,0,0,0,0,5,13,0,0,0,2,16,0,Lime Green,Cadmium Green,Verdigris,Black,White/Green,Forest Green
2025-09-20,Neshanic Lake/Ridge,07:22,Sunny,225,4,"Jed, Jason, James",,,,Yes,Jed,Black,7065,16,Yes,Regular,63,86,47,39,3,0,5,3,25,29,6,0,0,1,0,2,6,7,1,0,7,9,0,,Lime Green,Black,Black,White/Green,Lime Green
2025-10-11,Spooky Brook Golf Course,13:00,Rain,260,4,"Jiwei, Tharan, Jed",,,,No,,Gold,6655,18,Yes,Regular,72,86,47,39,2,0,1,0,33,36,33,0,0,6,0,8,6,4,0,0,3,15,0,,Cadium Green,Olive Green,Lime Green,White/Green,Dark Blue
2025-11-25,RiverPines Golf Course,11:30,Rain,236,4,"Random, Random, Random",,,,Yes,Random,Blue,6284,18,Yes,Regular,70,88,43,45,3,0,2,1,31,57,22,0,0,4,0,5,9,3,1,1,3,14,0,Dark Green,Jungle Green,Verdigris,Lime Green,White/Green,Lime Green
2025-02-01,Van Cortlandt Park Golf Course,07:42,Snow,186,2,Kevin,,,,Yes,Kevin,Black,6002,18,Yes,Regular,70,89,47,42,3,0,1,0,36,92,28,0,0,5,0,5,9,3,1,0,1,16,1,Hunter Green,Pistachio,Navy Blue,Jungle Green,White/Green,Dark Green
2025-06-01,Van Cortlandt Park Golf Course,06:20,Cloudy,268,4,"Jiwei, Jordan, Random",,,,Yes,Jiwei,Black,6002,18,Yes,Stableford,70,89,42,47,0,0,1,1,31,54,11,0,0,2,0,5,8,4,1,0,8,7,3,Olive Green,Lime Green,Black,Olive Green,Matcha Green,Olive Green
2025-12-28,RiverPines Golf Course,13:00,Sunny,257,4,"Random, Random, Random",,,,Yes,Random,Black,6602,18,Yes,Regular,70,90,44,46,0,0,2,0,32,50,17,0,0,0,0,4,8,6,0,0,4,14,0,,Lime Green,Khaki,,,
2025-06-21,Neshanic Meadow and Ridge Courses,06:40,Sunny,253,4,"Jed, Kevin, Tharan",,,,Yes,Jed,Gold,6645,18,Yes,Regular,72,91,48,43,0,0,4,2,34,71,11,0,0,2,0,3,13,0,2,0,2,16,0,,Jungle Green,Lime Green,Neon Green,White/Green,Lime Green
2025-10-16,Grande Dunes Resort,13:00,Sunny,284,4,"Jed, Jordan, Adhika",,,,Yes,Adhika,White,6265,18,Yes,Regular,72,94,46,48,1,2,3,0,34,64,6,0,0,1,1,2,9,4,2,1,3,11,3,,Lime Green,Emerald Green,Lime Green,White/Green,Lime Green
2025-10-18,Myrtlewood Golf Club | Palmetto,08:08,Cloudy,220,4,"Tharan, Kevin, Adhika",,,,Yes,Kevin,Blue,7015,18,Yes,Regular,72,94,50,44,1,2,3,0,31,57,11,0,0,2,0,3,8,7,0,0,6,11,1,,Lime Green,Brown,White,White/Green,Lime Green
2025-05-04,Van Cortlandt Park Golf Course,06:20,Sunny,228,4,"Kevin, Jed, Jordan",,,,Yes,Kevin,Black,6002,18,Yes,Regular,70,95,51,44,3,1,4,1,36,62,6,0,0,1,1,1,8,6,2,0,2,14,2,,Lime Green,Black,Black,White/Green,
2025-09-07,Quail Brook Golf Course,07:30,Sunny,281,4,"Jed, Kevin, Tharan",,,,Yes,Jed,Gold,6616,18,Yes,Regular,72,95,48,47,2,0,6,2,38,36,22,0,0,0,0,5,5,6,2,0,3,10,5,,Cadium Green,Seafoam Green,Gray,White/Green,Forest Green
2025-04-04,Hendricks Field Golf Club,07:30,Sunny,138,3,"Paul, Kevin",,,,No,,Blue,6150,18,Yes,Regular,70,96,49,47,0,0,1,1,40,75,17,0,0,3,0,3,7,5,3,0,0,14,4,,Lime Green,Verdigris,Lime Green,White/Green,Forest Green
2025-02-07,Pinehurst #3,13:06,Sunny,225,4,"Jordan, Jed",,,,Yes,Jordan,White,5155,18,Yes,Wolf,68,97,41,56,1,0,3,0,34,42,6,0,0,1,0,2,7,6,3,0,2,16,0,Lime Green,Jungle Green,Lime Green,Lime Green,White/Green,Kelly Green
2025-03-09,Hendricks Field Golf Club,10:00,Cloudy,260,3,"Kevin, Paul",,,,No,,Blue,6150,18,Yes,Regular,70,99,47,52,2,0,5,1,37,83,11,0,0,2,0,1,8,7,2,0,2,14,2,Lime Green,Lime Green,Verdigris,Lime Green,White/Green,Dark Green
2025-05-24,Bethpage Red,14:30,Windy,292,4,"Kevin, Jed, Jiwei",,,,Yes,Kevin,Middle,6570,18,Yes,Wolf,70,99,,,0,0,2,2,37,14,6,0,0,1,0,2,6,7,3,1,2,10,5,,Lime Green,Brown,Black,White/Green,Cadmium Green
2025-05-25,Bethpage Black,14:10,Sunny,275,4,"Kevin, Tharan, Nik",,,,No,,Middle,6757,18,Yes,Regular,71,100,49,51,2,0,0,0,36,50,6,0,0,1,0,3,4,8,3,0,3,12,3,Lime Green,Cadium Green,Green,Lime Green,White/Green,Forest Green
2025-04-13,Sunset Valley Golf Course,11:00,Cloudy,261,4,"Kevin, Jiwei, Jed",,,,No,,Blue,6368,18,Yes,Regular,70,103,54,49,4,1,2,1,40,29,6,0,0,1,0,1,5,9,3,0,2,10,6,Black,Lime Green,Lime Green,Green,White/Green,Forest Green
2025-02-06,Mid South Club,08:00,Sunny,249,4,"Jordan, Jed, Nik",,,,Yes,Jordan,White/Green,5949,18,Yes,Regular,71,104,53,51,0,3,4,0,39,93,6,0,0,1,0,1,5,9,3,0,0,15,3,Lime Green,Lime Green,Forest Green,Forest Green,White/Green,Eucalyptus
2025-04-05,Neshanic Valley Golf Course,11:15,Rain,280,4,"Kevin, Jiwei, Jed",,,,Yes,Jed,Blue,6210,18,Yes,Wolf,72,104,49,55,2,0,2,0,39,36,6,0,0,1,0,1,4,11,2,0,1,13,4,Hunter Green,Lime Green,Brown,Black,White/Green,Eucalyptus
2025-02-07,Talamore Golf Club,08:00,Sunny,219,3,"Kevin, Jason",,,,Yes,None,Gold,6840,18,Yes,Regular,71,105,52,53,,,,,,66,11,0,0,2,0,1,6,7,4,0,0,17,1,Lime Green,Jungle Green,Lime Green,Lime Green,White/Green,Kelly Green
2025-04-26,Bethpage Black,10:00,Rain,300,4,"Jiwei, Tharan, Jed",,,,No,,Middle,6757,18,Yes,Regular,71,105,53,52,4,0,2,2,35,29,0,0,0,0,0,0,5,11,2,0,4,11,3,,,,Black,White/Green,
2025-10-17,World Tour Golf Links,13:00,Sunny,294,4,"Jiwei, Adhika, Jed",,,,Yes,Jiwei,Yellow,6516,18,Yes,Regular,72,105,54,51,0,5,6,1,36,29,6,0,0,1,0,1,7,5,4,0,2,14,2,,Lime Green,Verdigris,Lime Green,White/Green,Lime Green
2025-02-08,Tobacco Road,07:30,Sunny,272,4,"Jason, Jiwei, Kevin",,,,Yes,Jiwei,Ripper,6557,18,Yes,Wolf,71,108,53,55,,,,,,15,6,0,0,1,1,1,4,3,9,0,0,18,0,Lime Green,Cadmium Green,Verdigris,Black,White/Green,Kelly Green
